question,expected_answer,model_response,correctness_score,correctness_reason,mlflow_trace_id,retrieved_documents
"What architecture is the `tokenizers-linux-x64-musl` binary designed for?
",x86_64-unknown-linux-musl,x86_64 — specifically the x86_64-unknown-linux-musl architecture.,pass,"The model response contains the key information from the expected answer, is factually accurate, and adequately addresses the question by specifying the architecture as x86_64-unknown-linux-musl.",,"['`tokenizers-linux-x64-musl`\n\nThis is the **x86_64-unknown-linux-musl** binary for `tokenizers`', ""- [Facebook's Wav2Vec2 blog post](https://ai.facebook.com/blog/wav2vec-state-of-the-art-speech-recognition-through-self-supervision/)\n- [Official Wav2Vec2 paper](https://arxiv.org/abs/2006.11477)\n- [O..."", '```\ncontext = [\n   (""What is a dinosaur holding?"", ""a torch""),\n   (""Where are they?"", ""In the woods."")\n]\nquestion = ""What for?""\ntemplate = ""Question: {} Answer: {}.""\n\nprompt = "" "".join([template.forma...', 'The next **very important** step is to create the model card. For people to use your fine-tuned \nmodel it is important to understand: \n\n- What kind of model is it?\n- What is your model useful for?\n- W...']"
"What is the purpose of the /healthcheck endpoint in the Datasets server API?
",Ensure the app is running,The /healthcheck endpoint is used to ensure the app is running (a health/liveness check).,pass,"The model response contains the key information from the expected answer, is factually accurate, and adequately addresses the question asked.",,"['Datasets server - worker\n\n> Workers that pre-compute and cache the response to /splits, /first-rows, /parquet, /info and /size.\n\n## Configuration\n\nUse environment variables to configure the workers. T...', 'Datasets server API - rows endpoint\n\n> /rows endpoint\n\n## Configuration\n\nThe service can be configured using environment variables. They are grouped by scope.\n\n### API service\n\nSee [../../libs/libapi/...', 'Datasets server API - search service\n\n> /search endpoint\n> /filter endpoint\n\n## Configuration\n\nThe service can be configured using environment variables. They are grouped by scope.\n\n### Duckdb index f...', 'Search text in a dataset\n\nDatasets Server provides a `/search` endpoint for searching words in a dataset.\n\n<Tip warning={true}>\n  Currently, only <a href=""./parquet"">datasets with Parquet exports</a>\n...']"
"How can a user claim authorship of a paper on the Hugging Face Hub?
","By clicking their name on the corresponding Paper page and clicking ""claim authorship"", then confirming the request in paper settings for admin team validation.","The provided documents do not describe how to claim authorship of a paper on the Hugging Face Hub. For assistance, consult the Hub docs (https://huggingface.co/docs/hub/index) or ask on the discussion forum (https://discuss.huggingface.co/) or Discord (https://discord.com/invite/hugging-face-879548962464493619).",fail,"The model response does not contain the key information from the expected answer and fails to provide a direct method for claiming authorship, instead redirecting to external resources.",,"[""## Walkthrough: how can you add a GLAM dataset to the Hub?\n\nWe can make datasets available via the Hugging Face hub in various ways. I'll walk through an example of adding a CSV dataset to the Hugging..."", '## How can I get help using the Hub?\n\nThe Hub [docs](https://huggingface.co/docs/hub/index) go into more detail about the various features of the Hugging Face Hub. You can also find more information a...', '- [Organizations](https://huggingface.co/organizations) allow you to collaborate with other people and share models, datasets and demos under a single organization. This can be an excellent way of hig...', '<figure>\n  <img src=""/blog/assets/135_notebooks-hub/before_after_notebook_rendering.png"" alt=""A side-by-side comparison showing a screenshot of a notebook that hasn’t been rendered on the left and a r...']"
"What is the purpose of the BLIP-Diffusion model?
",The BLIP-Diffusion model is designed for controllable text-to-image generation and editing.,The provided documents do not mention BLIP-Diffusion or state its purpose.,fail,The model response does not contain the key information from the expected answer and fails to address the question about the purpose of the BLIP-Diffusion model.,,"['Once this is done, the questionnaire will ask you for the new model name and its various casings:\n\n```\nWhat is the name for your new model?\nWhat identifier would you like to use for the model type of ...', ""-   What type of model is *BigBird*? BERT-like encoder-only\n    model? GPT2-like decoder-only model? BART-like encoder-decoder\n    model? Look at the `model_summary` if\n    you're not familiar with th..."", ""-  What type of model is *brand_new_bert*? BERT-like encoder-only model? GPT2-like decoder-only model? BART-like\n  encoder-decoder model? Look at the [model_summary](model_summary) if you're not famil..."", ""-   What type of model is *[camelcase name of model]*? BERT-like encoder-only\n    model? GPT2-like decoder-only model? BART-like encoder-decoder\n    model? Look at the `model_summary` if\n    you're no...""]"
"What is the default context window size for Local Attention in the LongT5 model?
",127 tokens,"The provided documents do not state a default context window size. Local attention uses config.local_chunk_length and config.local_num_chunks_before/after to define its window, but no default values are given.",fail,"The model response does not provide the expected answer of 127 tokens and instead states that the documents do not mention a default context window size, which is factually inaccurate based on the expected answer.",,"['-->\n\n# LongT5\n\n## Overview\n\nThe LongT5 model was proposed in [LongT5: Efficient Text-To-Text Transformer for Long Sequences](https://arxiv.org/abs/2112.07916)\nby Mandy Guo, Joshua Ainslie, David Uthus...', '### Sliding window Attention\n\nThe current implementation supports the sliding window attention mechanism and memory efficient cache management. \nTo enable sliding window attention, just make sure to h...', 'Once this is done, the questionnaire will ask you for the new model name and its various casings:\n\n```\nWhat is the name for your new model?\nWhat identifier would you like to use for the model type of ...', 'Using LSH self attention, the memory and time complexity of the query-key matmul operation can be reduced from\n\\\\(\\mathcal{O}(n_s \\times n_s)\\\\) to \\\\(\\mathcal{O}(n_s \\times \\log(n_s))\\\\), which usual...']"
